,Variable,Statistics,Distribution
0,Logistic_data,2.12049268442032         [-0.037519512765814; 5.645830390349177],non-normal
1,Normal_data_01,9.671603657522072 [6.5159009243030415],normal
2,Normal_data_02,-0.15741939491344503 [0.9348352856726015],normal
3,Sample_random_data,0.49653333704099273         [0.1418406414021021; 0.6865313432269878],non-normal
4,Normal_data_03,0.1628294950547135 [0.9296204219440822],normal
5,Uniform_data,0.34260938229739885         [0.12263475810651714; 0.6971710148705612],non-normal
